{"events": {"1": {"ts": "2026-01-22T11:15:44.985160", "type": "system.start", "message": "Notebook runtime initialised", "meta": {"session_id": "3d512b29-3482-4910-859a-5363b57a11db"}}, "2": {"ts": "2026-01-22T11:15:52.723322", "type": "system.start", "message": "Notebook runtime initialised", "meta": {"session_id": "2361274c-762f-42ae-a1cd-1050a1a93913"}}, "3": {"ts": "2026-01-22T11:34:42.800480", "type": "auth.register", "username": "demo_user"}, "4": {"ts": "2026-01-22T11:34:43.127452", "type": "auth.login", "username": "demo_user"}, "5": {"ts": "2026-01-22T11:34:43.137828", "type": "auth.logout", "username": "demo_user"}, "6": {"ts": "2026-01-22T11:37:32.318267", "type": "auth.register", "username": "api_user"}, "7": {"ts": "2026-01-22T11:37:32.806017", "type": "auth.login", "username": "api_user"}, "8": {"ts": "2026-01-22T11:37:32.820748", "type": "inventory.change", "item_id": "20220b5a-92d6-48d0-b656-0813599c858b:RICE25", "change_qty": -5.0, "reason": "sale"}, "9": {"ts": "2026-01-22T11:37:32.888076", "type": "optimise.reorder", "item_id": "20220b5a-92d6-48d0-b656-0813599c858b:RICE25"}, "10": {"ts": "2026-01-22T11:50:06.520371", "type": "optimise.run", "item_id": "e5f96ed9-3456-4bb0-8b6b-59fa8a41c535:MILK1L", "note": "Reorder settings recalculated"}, "11": {"ts": "2026-01-22T11:50:06.532746", "type": "optimise.run", "item_id": "a0f914bc-a2dd-4e7c-8502-f589808ca2ba:TOMATO", "note": "Reorder settings recalculated"}, "12": {"ts": "2026-01-22T11:50:06.544465", "type": "optimise.run", "item_id": "3d1893d9-769f-4727-b1ed-1f805244120b:RICE25", "note": "Reorder settings recalculated"}, "13": {"ts": "2026-01-22T11:52:21.453878", "type": "optimise.run", "item_id": "e5f96ed9-3456-4bb0-8b6b-59fa8a41c535:MILK1L", "note": "Reorder settings recalculated"}, "14": {"ts": "2026-01-22T11:52:21.469155", "type": "optimise.run", "item_id": "a0f914bc-a2dd-4e7c-8502-f589808ca2ba:TOMATO", "note": "Reorder settings recalculated"}, "15": {"ts": "2026-01-22T11:52:21.481825", "type": "optimise.run", "item_id": "3d1893d9-769f-4727-b1ed-1f805244120b:RICE25", "note": "Reorder settings recalculated"}, "16": {"ts": "2026-01-22T11:55:34.422008", "type": "auth.register", "username": "alert_user"}, "17": {"ts": "2026-01-22T11:55:34.750501", "type": "auth.login", "username": "alert_user"}, "18": {"ts": "2026-01-22T11:55:59.151585", "type": "inventory.change", "item_id": "a0f914bc-a2dd-4e7c-8502-f589808ca2ba:TOMATO", "change_qty": -4.0, "reason": "waste"}, "19": {"ts": "2026-01-22T12:08:55.826221", "type": "auth.register", "username": "ui_user"}, "20": {"ts": "2026-01-22T12:09:07.296855", "type": "auth.login", "username": "ui_user"}}, "alerts": {"1": {"ts": "2026-01-22T11:15:44.985160", "type": "low_stock", "severity": "warning", "item_id": "DEMO_ITEM", "details": {"sku": "MILK1L", "location_context": "retail_store", "qty_on_hand": 5, "reorder_point": 10}}, "2": {"ts": "2026-01-22T11:15:52.723322", "type": "low_stock", "severity": "warning", "item_id": "DEMO_ITEM", "details": {"sku": "MILK1L", "location_context": "retail_store", "qty_on_hand": 5, "reorder_point": 10}}, "3": {"ts": "2026-01-22T11:37:32.820748", "type": "low_stock", "severity": "warning", "item_id": "20220b5a-92d6-48d0-b656-0813599c858b:RICE25", "sku": "RICE25", "name": "Rice Sack 25kg", "location_id": "20220b5a-92d6-48d0-b656-0813599c858b", "qty_on_hand": 45.0, "reorder_point": 60.0, "recommended_reorder_qty": 40.0}, "4": {"ts": "2026-01-22T11:55:59.151585", "type": "low_stock", "severity": "warning", "item_id": "a0f914bc-a2dd-4e7c-8502-f589808ca2ba:TOMATO", "sku": "TOMATO", "name": "Tomatoes", "location_id": "a0f914bc-a2dd-4e7c-8502-f589808ca2ba", "qty_on_hand": -1.0, "reorder_point": 2.5, "recommended_reorder_qty": 0.0}}, "supplier_feed": {"1": {"ts": "2026-01-22T11:15:44.985160", "source": "demo_supplier_feed", "supplier": {"name": "Example Supplier Ltd", "region": "UK"}, "payload": [{"sku": "MILK1L", "lead_time_days": 2, "price": 1.25}, {"sku": "TOMATO", "lead_time_days": 1, "price": 2.1}]}, "2": {"ts": "2026-01-22T11:15:52.723322", "source": "demo_supplier_feed", "supplier": {"name": "Example Supplier Ltd", "region": "UK"}, "payload": [{"sku": "MILK1L", "lead_time_days": 2, "price": 1.25}, {"sku": "TOMATO", "lead_time_days": 1, "price": 2.1}]}}, "revoked_tokens": {"1": {"jti": "8a4cd08e-c522-479c-aaf8-3ec32d3ad97e", "exp": 1769085283}}}